"","Term","Df","Df.res","Sum Sq","Sum Sq.res","F value","Pr(>F)"
"treatment","treatment",6,26,1291.10202020202,2750.5,2.03409395414485,0.0969853935583729
"condition","condition",1,26,938.450000000001,3157.16666666667,7.72835348149712,0.00996988290103105
"treatment:condition","treatment:condition",6,26,1099.15757575758,2497,1.9074954591975,0.117505079673329
