"contrast","estimate","SE","df","t.ratio","p.value"
"Desiccation - Incubation",-9.78571428571429,3.52005170386841,26,-2.7799916333502,0.00996988290103104
